Algorithm,Iteration,KeyGen(ms),Encaps(ms),Decaps(ms)
frodo640aes,1,5.915,1.163,0.986
frodo640aes,2,0.682,0.843,0.857
frodo640aes,3,0.537,0.691,0.681
frodo640aes,4,0.551,0.827,0.837
frodo640aes,5,0.704,1.072,1.081
frodo640aes,6,0.764,0.944,0.827
frodo640aes,7,0.594,0.747,0.643
frodo640aes,8,0.466,0.611,0.534
frodo640aes,9,0.370,0.500,0.444
frodo640aes,10,0.352,0.415,0.381
frodo640aes,11,0.264,0.357,0.321
frodo640aes,12,0.244,0.330,0.306
frodo640aes,13,0.240,0.317,0.299
frodo640aes,14,0.242,0.341,0.323
frodo640aes,15,0.243,0.343,0.319
frodo640aes,16,0.242,0.342,0.319
frodo640aes,17,0.244,0.345,0.320
frodo640aes,18,0.244,0.339,0.325
frodo640aes,19,0.244,0.339,0.325
frodo640aes,20,0.243,0.341,0.324
p256_frodo640aes,1,3.004,0.494,4.574
p256_frodo640aes,2,1.430,0.465,4.523
p256_frodo640aes,3,1.403,0.459,4.515
p256_frodo640aes,4,1.415,0.457,4.512
p256_frodo640aes,5,1.394,0.460,4.503
p256_frodo640aes,6,1.314,0.427,4.431
p256_frodo640aes,7,1.360,0.442,4.234
p256_frodo640aes,8,1.343,0.428,4.190
p256_frodo640aes,9,1.324,0.437,4.178
p256_frodo640aes,10,1.313,0.424,4.348
p256_frodo640aes,11,1.358,0.425,4.199
p256_frodo640aes,12,1.320,0.428,4.155
p256_frodo640aes,13,1.283,0.439,4.210
p256_frodo640aes,14,1.310,0.431,4.199
p256_frodo640aes,15,1.305,0.429,4.223
p256_frodo640aes,16,1.301,0.427,4.209
p256_frodo640aes,17,1.320,0.435,4.245
p256_frodo640aes,18,1.342,0.431,4.221
p256_frodo640aes,19,1.317,0.423,4.171
p256_frodo640aes,20,1.296,0.427,4.207
x25519_frodo640aes,1,0.279,0.379,0.359
x25519_frodo640aes,2,0.273,0.377,0.382
x25519_frodo640aes,3,0.269,0.383,0.360
x25519_frodo640aes,4,0.268,0.375,0.358
x25519_frodo640aes,5,0.263,0.374,0.359
x25519_frodo640aes,6,0.261,0.378,0.355
x25519_frodo640aes,7,0.265,0.374,0.358
x25519_frodo640aes,8,0.262,0.375,0.360
x25519_frodo640aes,9,0.261,0.381,0.359
x25519_frodo640aes,10,0.272,0.375,0.358
x25519_frodo640aes,11,0.268,0.381,0.357
x25519_frodo640aes,12,0.262,0.379,0.357
x25519_frodo640aes,13,0.264,0.376,0.358
x25519_frodo640aes,14,0.291,0.387,0.386
x25519_frodo640aes,15,0.273,0.383,0.364
x25519_frodo640aes,16,0.270,0.375,0.358
x25519_frodo640aes,17,0.276,0.375,0.361
x25519_frodo640aes,18,0.274,0.374,0.365
x25519_frodo640aes,19,0.273,0.380,0.376
x25519_frodo640aes,20,0.272,0.374,0.359
qkd_frodo640aes,1,0.323,0.355,0.300
qkd_frodo640aes,2,0.275,0.347,0.302
qkd_frodo640aes,3,0.275,0.347,0.306
qkd_frodo640aes,4,0.271,0.346,0.303
qkd_frodo640aes,5,0.442,0.378,0.332
qkd_frodo640aes,6,0.295,0.373,0.325
qkd_frodo640aes,7,0.290,0.372,0.323
qkd_frodo640aes,8,0.281,0.376,0.337
qkd_frodo640aes,9,0.280,0.371,0.322
qkd_frodo640aes,10,0.280,0.370,0.322
qkd_frodo640aes,11,0.280,0.372,0.323
qkd_frodo640aes,12,0.280,0.370,0.322
qkd_frodo640aes,13,0.279,0.371,0.328
qkd_frodo640aes,14,0.280,0.370,0.323
qkd_frodo640aes,15,0.280,0.371,0.327
qkd_frodo640aes,16,0.280,0.373,0.324
qkd_frodo640aes,17,0.280,0.372,0.332
qkd_frodo640aes,18,0.281,0.373,0.324
qkd_frodo640aes,19,0.280,0.375,0.326
qkd_frodo640aes,20,0.280,0.370,0.323
frodo640shake,1,0.749,0.777,0.758
frodo640shake,2,0.711,0.773,0.785
frodo640shake,3,0.713,0.774,0.762
frodo640shake,4,0.733,0.775,0.762
frodo640shake,5,0.711,0.785,0.757
frodo640shake,6,0.709,0.776,0.761
frodo640shake,7,0.708,0.776,0.753
frodo640shake,8,0.706,0.777,0.754
frodo640shake,9,0.704,0.772,0.766
frodo640shake,10,0.711,0.778,0.754
frodo640shake,11,0.710,0.773,0.751
frodo640shake,12,0.714,0.776,0.760
frodo640shake,13,0.708,0.772,0.754
frodo640shake,14,0.717,0.781,0.757
frodo640shake,15,0.708,0.776,0.758
frodo640shake,16,0.711,0.771,0.760
frodo640shake,17,0.705,0.774,0.778
frodo640shake,18,0.707,0.769,0.754
frodo640shake,19,0.710,0.782,0.754
frodo640shake,20,0.709,0.772,0.760
p256_frodo640shake,1,1.959,0.908,4.987
p256_frodo640shake,2,1.877,0.896,4.949
p256_frodo640shake,3,1.773,0.833,4.597
p256_frodo640shake,4,1.752,0.832,4.607
p256_frodo640shake,5,1.749,0.830,4.573
p256_frodo640shake,6,1.679,0.812,4.433
p256_frodo640shake,7,1.774,0.811,4.461
p256_frodo640shake,8,1.747,0.799,4.477
p256_frodo640shake,9,1.684,0.795,4.578
p256_frodo640shake,10,1.771,0.837,4.696
p256_frodo640shake,11,1.745,0.846,4.646
p256_frodo640shake,12,1.847,0.845,4.612
p256_frodo640shake,13,1.742,0.833,4.600
p256_frodo640shake,14,1.760,0.829,4.584
p256_frodo640shake,15,1.752,0.819,4.350
p256_frodo640shake,16,1.683,0.809,4.520
p256_frodo640shake,17,1.764,0.833,4.618
p256_frodo640shake,18,1.750,0.845,4.604
p256_frodo640shake,19,1.746,0.847,4.608
p256_frodo640shake,20,1.746,0.832,4.594
x25519_frodo640shake,1,0.746,0.789,0.764
x25519_frodo640shake,2,0.721,0.784,0.763
x25519_frodo640shake,3,0.692,0.786,0.760
x25519_frodo640shake,4,0.692,0.778,0.768
x25519_frodo640shake,5,0.700,0.780,0.762
x25519_frodo640shake,6,0.707,0.799,0.761
x25519_frodo640shake,7,0.689,0.798,0.762
x25519_frodo640shake,8,0.692,0.802,0.758
x25519_frodo640shake,9,0.726,0.780,0.772
x25519_frodo640shake,10,0.703,0.781,0.769
x25519_frodo640shake,11,0.701,0.778,0.766
x25519_frodo640shake,12,0.702,0.778,0.759
x25519_frodo640shake,13,0.717,0.778,0.759
x25519_frodo640shake,14,0.700,0.781,0.762
x25519_frodo640shake,15,0.703,0.799,0.781
x25519_frodo640shake,16,0.726,0.786,0.739
x25519_frodo640shake,17,0.679,0.755,0.733
x25519_frodo640shake,18,0.691,0.780,0.761
x25519_frodo640shake,19,0.695,0.777,0.776
x25519_frodo640shake,20,0.698,0.789,0.787
qkd_frodo640shake,1,0.716,0.754,0.706
qkd_frodo640shake,2,0.692,0.752,0.715
qkd_frodo640shake,3,0.734,0.756,0.707
qkd_frodo640shake,4,0.696,0.749,0.706
qkd_frodo640shake,5,0.693,0.754,0.703
qkd_frodo640shake,6,0.693,0.751,0.699
qkd_frodo640shake,7,0.700,0.750,0.705
qkd_frodo640shake,8,0.696,0.750,0.723
qkd_frodo640shake,9,0.688,0.756,0.703
qkd_frodo640shake,10,0.692,0.747,0.703
qkd_frodo640shake,11,0.714,0.771,0.704
qkd_frodo640shake,12,0.712,0.752,0.712
qkd_frodo640shake,13,0.702,0.764,0.713
qkd_frodo640shake,14,0.693,0.798,0.756
qkd_frodo640shake,15,0.744,0.805,0.713
qkd_frodo640shake,16,0.700,0.759,0.717
qkd_frodo640shake,17,0.700,0.770,0.711
qkd_frodo640shake,18,0.696,0.771,0.724
qkd_frodo640shake,19,0.742,0.806,0.729
qkd_frodo640shake,20,0.716,0.751,0.718
frodo976aes,1,0.424,0.587,0.559
frodo976aes,2,0.404,0.579,0.547
frodo976aes,3,0.409,0.575,0.552
frodo976aes,4,0.401,0.580,0.546
frodo976aes,5,0.406,0.576,0.548
frodo976aes,6,0.418,0.577,0.549
frodo976aes,7,0.397,0.578,0.547
frodo976aes,8,0.422,0.583,0.558
frodo976aes,9,0.415,0.579,0.544
frodo976aes,10,0.406,0.577,0.549
frodo976aes,11,0.403,0.577,0.547
frodo976aes,12,0.427,0.575,0.548
frodo976aes,13,0.412,0.579,0.545
frodo976aes,14,0.407,0.576,0.550
frodo976aes,15,0.422,0.578,0.549
frodo976aes,16,0.407,0.578,0.566
frodo976aes,17,0.403,0.580,0.550
frodo976aes,18,0.426,0.579,0.548
frodo976aes,19,0.408,0.611,0.558
frodo976aes,20,0.399,0.579,0.547
p384_frodo976aes,1,2.070,1.852,5.152
p384_frodo976aes,2,1.975,1.822,5.163
p384_frodo976aes,3,1.929,1.817,4.994
p384_frodo976aes,4,1.851,1.745,5.040
p384_frodo976aes,5,1.945,1.811,5.131
p384_frodo976aes,6,1.922,1.811,4.814
p384_frodo976aes,7,1.914,1.752,4.871
p384_frodo976aes,8,1.959,1.813,5.361
p384_frodo976aes,9,1.929,1.815,5.145
p384_frodo976aes,10,1.960,1.808,5.144
p384_frodo976aes,11,1.915,1.811,5.128
p384_frodo976aes,12,1.926,1.814,5.155
p384_frodo976aes,13,1.910,1.809,5.131
p384_frodo976aes,14,1.914,1.817,5.136
p384_frodo976aes,15,1.928,1.808,5.137
p384_frodo976aes,16,1.950,1.810,5.145
p384_frodo976aes,17,1.917,1.811,5.191
p384_frodo976aes,18,1.969,1.819,5.132
p384_frodo976aes,19,1.943,1.812,5.171
p384_frodo976aes,20,1.932,1.813,5.113
x448_frodo976aes,1,0.558,0.834,0.802
x448_frodo976aes,2,0.538,0.825,0.814
x448_frodo976aes,3,0.545,0.832,0.796
x448_frodo976aes,4,0.546,0.829,0.799
x448_frodo976aes,5,0.544,0.828,0.798
x448_frodo976aes,6,0.531,0.825,0.800
x448_frodo976aes,7,0.537,0.829,0.801
x448_frodo976aes,8,0.534,0.822,0.804
x448_frodo976aes,9,0.554,0.828,0.798
x448_frodo976aes,10,0.533,0.833,0.800
x448_frodo976aes,11,0.548,0.826,0.796
x448_frodo976aes,12,0.541,0.834,0.800
x448_frodo976aes,13,0.553,0.826,0.798
x448_frodo976aes,14,0.538,0.829,0.808
x448_frodo976aes,15,0.550,0.827,0.800
x448_frodo976aes,16,0.532,0.826,0.797
x448_frodo976aes,17,0.556,0.827,0.800
x448_frodo976aes,18,0.539,0.841,0.808
x448_frodo976aes,19,0.550,0.843,0.807
x448_frodo976aes,20,0.537,0.828,0.795
qkd_frodo976aes,1,0.465,0.609,0.548
qkd_frodo976aes,2,0.435,0.605,0.549
qkd_frodo976aes,3,0.432,0.617,0.548
qkd_frodo976aes,4,0.457,0.604,0.551
qkd_frodo976aes,5,0.434,0.609,0.549
qkd_frodo976aes,6,0.434,0.609,0.551
qkd_frodo976aes,7,0.466,0.618,0.551
qkd_frodo976aes,8,0.431,0.610,0.546
qkd_frodo976aes,9,0.434,0.618,0.550
qkd_frodo976aes,10,0.438,0.609,0.551
qkd_frodo976aes,11,0.432,0.609,0.546
qkd_frodo976aes,12,0.438,0.609,0.549
qkd_frodo976aes,13,0.451,0.611,0.548
qkd_frodo976aes,14,0.435,0.604,0.549
qkd_frodo976aes,15,0.437,0.607,0.558
qkd_frodo976aes,16,0.453,0.607,0.547
qkd_frodo976aes,17,0.434,0.606,0.592
qkd_frodo976aes,18,0.435,0.620,0.546
qkd_frodo976aes,19,0.453,0.610,0.557
qkd_frodo976aes,20,0.439,0.607,0.549
frodo976shake,1,1.399,1.495,1.442
frodo976shake,2,1.370,1.480,1.438
frodo976shake,3,1.390,1.489,1.460
frodo976shake,4,1.393,1.498,1.436
frodo976shake,5,1.391,1.471,1.440
frodo976shake,6,1.379,1.467,1.440
frodo976shake,7,1.385,1.499,1.441
frodo976shake,8,1.381,1.480,1.439
frodo976shake,9,1.371,1.468,1.439
frodo976shake,10,1.369,1.471,1.470
frodo976shake,11,1.387,1.496,1.438
frodo976shake,12,1.375,1.470,1.460
frodo976shake,13,1.382,1.471,1.443
frodo976shake,14,1.370,1.471,1.459
frodo976shake,15,1.372,1.506,1.529
frodo976shake,16,1.382,1.468,1.441
frodo976shake,17,1.372,1.470,1.444
frodo976shake,18,1.376,1.470,1.439
frodo976shake,19,1.396,1.470,1.440
frodo976shake,20,1.381,1.473,1.442
p384_frodo976shake,1,3.020,2.746,6.115
p384_frodo976shake,2,2.971,2.730,6.050
p384_frodo976shake,3,2.998,2.714,6.057
p384_frodo976shake,4,2.945,2.709,6.079
p384_frodo976shake,5,2.927,2.701,6.155
p384_frodo976shake,6,2.979,2.827,6.091
p384_frodo976shake,7,2.960,2.713,5.825
p384_frodo976shake,8,2.806,2.613,5.860
p384_frodo976shake,9,2.859,2.613,5.717
p384_frodo976shake,10,2.807,2.664,5.726
p384_frodo976shake,11,2.807,2.584,5.822
p384_frodo976shake,12,2.880,2.609,5.716
p384_frodo976shake,13,2.854,2.612,5.727
p384_frodo976shake,14,2.782,2.588,5.765
p384_frodo976shake,15,2.809,2.613,5.767
p384_frodo976shake,16,2.791,2.589,5.747
p384_frodo976shake,17,2.799,2.581,5.772
p384_frodo976shake,18,2.809,2.586,5.735
p384_frodo976shake,19,2.796,2.630,5.826
p384_frodo976shake,20,2.834,2.591,5.946
x448_frodo976shake,1,1.545,1.803,1.631
x448_frodo976shake,2,1.454,1.660,1.622
x448_frodo976shake,3,1.549,1.656,1.663
x448_frodo976shake,4,1.467,1.660,1.629
x448_frodo976shake,5,1.455,1.658,1.621
x448_frodo976shake,6,1.441,1.662,1.625
x448_frodo976shake,7,1.456,1.657,1.643
x448_frodo976shake,8,1.460,1.652,1.621
x448_frodo976shake,9,1.449,1.701,1.634
x448_frodo976shake,10,1.438,1.664,1.642
x448_frodo976shake,11,1.486,1.671,1.666
x448_frodo976shake,12,1.442,1.664,1.623
x448_frodo976shake,13,1.450,1.669,1.646
x448_frodo976shake,14,1.492,1.663,1.621
x448_frodo976shake,15,1.473,1.702,1.712
x448_frodo976shake,16,1.517,1.741,1.693
x448_frodo976shake,17,1.507,1.724,1.695
x448_frodo976shake,18,1.513,1.726,1.690
x448_frodo976shake,19,1.551,1.725,1.688
x448_frodo976shake,20,1.506,1.744,1.707
qkd_frodo976shake,1,1.444,1.508,1.465
qkd_frodo976shake,2,1.425,1.510,1.444
qkd_frodo976shake,3,1.406,1.524,1.441
qkd_frodo976shake,4,1.407,1.501,1.436
qkd_frodo976shake,5,1.361,1.463,1.385
qkd_frodo976shake,6,1.352,1.439,1.381
qkd_frodo976shake,7,1.369,1.437,1.375
qkd_frodo976shake,8,1.380,1.435,1.399
qkd_frodo976shake,9,1.369,1.475,1.402
qkd_frodo976shake,10,1.355,1.441,1.378
qkd_frodo976shake,11,1.361,1.472,1.388
qkd_frodo976shake,12,1.365,1.440,1.400
qkd_frodo976shake,13,1.358,1.448,1.397
qkd_frodo976shake,14,1.355,1.443,1.380
qkd_frodo976shake,15,1.342,1.438,1.376
qkd_frodo976shake,16,1.343,1.464,1.406
qkd_frodo976shake,17,1.372,1.449,1.383
qkd_frodo976shake,18,1.356,1.461,1.377
qkd_frodo976shake,19,1.365,1.440,1.383
qkd_frodo976shake,20,1.353,1.460,1.409
frodo1344aes,1,0.740,1.003,0.908
frodo1344aes,2,0.716,0.946,0.934
frodo1344aes,3,0.694,0.939,0.886
frodo1344aes,4,0.701,0.940,0.903
frodo1344aes,5,0.673,0.950,0.896
frodo1344aes,6,0.690,0.945,0.920
frodo1344aes,7,0.724,0.947,0.892
frodo1344aes,8,0.699,0.952,0.908
frodo1344aes,9,0.698,0.947,0.913
frodo1344aes,10,0.710,0.940,0.902
frodo1344aes,11,0.691,0.938,0.888
frodo1344aes,12,0.719,0.945,0.911
frodo1344aes,13,0.706,0.948,0.955
frodo1344aes,14,0.734,0.987,0.946
frodo1344aes,15,0.722,0.985,0.946
frodo1344aes,16,0.728,0.986,0.944
frodo1344aes,17,0.720,0.984,0.944
frodo1344aes,18,0.721,0.987,0.949
frodo1344aes,19,0.708,0.988,0.948
frodo1344aes,20,0.746,0.985,0.948
p521_frodo1344aes,1,2.028,1.564,5.242
p521_frodo1344aes,2,1.927,1.561,5.225
p521_frodo1344aes,3,1.928,1.559,5.231
p521_frodo1344aes,4,1.921,1.556,5.224
p521_frodo1344aes,5,1.943,1.560,5.193
p521_frodo1344aes,6,1.922,1.556,5.200
p521_frodo1344aes,7,1.914,1.559,5.197
p521_frodo1344aes,8,1.913,1.522,5.121
p521_frodo1344aes,9,1.924,1.545,5.203
p521_frodo1344aes,10,1.941,1.548,5.215
p521_frodo1344aes,11,1.937,1.548,5.192
p521_frodo1344aes,12,1.923,1.512,4.981
p521_frodo1344aes,13,1.879,1.491,4.953
p521_frodo1344aes,14,1.827,1.473,4.896
p521_frodo1344aes,15,1.851,1.474,4.877
p521_frodo1344aes,16,1.848,1.495,4.844
p521_frodo1344aes,17,1.806,1.478,4.926
p521_frodo1344aes,18,1.874,1.478,4.897
p521_frodo1344aes,19,1.828,1.486,4.890
p521_frodo1344aes,20,1.873,1.506,4.907
qkd_frodo1344aes,1,0.739,0.975,0.904
qkd_frodo1344aes,2,0.718,0.954,0.884
qkd_frodo1344aes,3,0.717,0.973,0.903
qkd_frodo1344aes,4,0.716,0.993,0.902
qkd_frodo1344aes,5,0.730,0.972,0.901
qkd_frodo1344aes,6,0.720,0.973,0.890
qkd_frodo1344aes,7,0.741,0.972,0.904
qkd_frodo1344aes,8,0.722,0.975,0.886
qkd_frodo1344aes,9,0.742,0.973,0.901
qkd_frodo1344aes,10,0.714,0.975,0.906
qkd_frodo1344aes,11,0.774,1.016,0.908
qkd_frodo1344aes,12,0.740,0.981,0.925
qkd_frodo1344aes,13,0.763,1.026,0.950
qkd_frodo1344aes,14,0.752,1.024,0.947
qkd_frodo1344aes,15,0.749,1.020,0.944
qkd_frodo1344aes,16,0.748,1.018,0.946
qkd_frodo1344aes,17,0.768,1.034,0.950
qkd_frodo1344aes,18,0.766,1.017,0.945
qkd_frodo1344aes,19,0.750,1.018,0.945
qkd_frodo1344aes,20,0.747,1.018,0.942
frodo1344shake,1,2.469,2.611,2.574
frodo1344shake,2,2.490,2.609,2.564
frodo1344shake,3,2.449,2.609,2.568
frodo1344shake,4,2.485,2.606,2.593
frodo1344shake,5,2.457,2.597,2.611
frodo1344shake,6,2.470,2.751,2.773
frodo1344shake,7,2.711,2.626,2.603
frodo1344shake,8,2.490,2.622,2.589
frodo1344shake,9,2.489,2.641,2.579
frodo1344shake,10,2.506,2.620,2.563
frodo1344shake,11,2.537,2.599,2.566
frodo1344shake,12,2.450,2.627,2.646
frodo1344shake,13,2.521,2.600,2.565
frodo1344shake,14,2.452,2.613,2.596
frodo1344shake,15,2.483,2.622,2.567
frodo1344shake,16,2.451,2.603,2.649
frodo1344shake,17,2.502,2.628,2.565
frodo1344shake,18,2.450,2.609,2.600
frodo1344shake,19,2.605,2.608,2.574
frodo1344shake,20,2.454,2.598,2.580
p521_frodo1344shake,1,4.032,3.335,6.980
p521_frodo1344shake,2,3.828,3.358,6.906
p521_frodo1344shake,3,3.671,3.201,6.846
p521_frodo1344shake,4,3.664,3.201,6.889
p521_frodo1344shake,5,3.704,3.123,6.549
p521_frodo1344shake,6,3.588,3.070,6.625
p521_frodo1344shake,7,3.624,3.101,6.540
p521_frodo1344shake,8,3.545,3.065,6.512
p521_frodo1344shake,9,3.509,3.058,6.597
p521_frodo1344shake,10,3.555,3.021,6.502
p521_frodo1344shake,11,3.486,3.055,6.663
p521_frodo1344shake,12,3.566,3.094,6.557
p521_frodo1344shake,13,3.514,3.059,6.554
p521_frodo1344shake,14,3.513,3.024,6.626
p521_frodo1344shake,15,3.601,3.014,6.519
p521_frodo1344shake,16,3.543,3.063,6.510
p521_frodo1344shake,17,3.499,3.109,6.552
p521_frodo1344shake,18,3.553,3.009,6.575
p521_frodo1344shake,19,3.532,3.017,6.569
p521_frodo1344shake,20,3.616,3.019,6.496
qkd_frodo1344shake,1,2.544,2.538,2.475
qkd_frodo1344shake,2,2.383,2.519,2.465
qkd_frodo1344shake,3,2.379,2.574,2.467
qkd_frodo1344shake,4,2.411,2.510,2.445
qkd_frodo1344shake,5,2.407,2.562,2.547
qkd_frodo1344shake,6,2.445,2.632,2.564
qkd_frodo1344shake,7,2.483,2.648,2.525
qkd_frodo1344shake,8,2.391,2.553,2.449
qkd_frodo1344shake,9,2.397,2.562,2.469
qkd_frodo1344shake,10,2.476,2.550,2.505
qkd_frodo1344shake,11,2.381,2.513,2.483
qkd_frodo1344shake,12,2.418,2.541,2.454
qkd_frodo1344shake,13,2.387,2.533,2.456
qkd_frodo1344shake,14,2.410,2.602,2.476
qkd_frodo1344shake,15,2.419,2.514,2.450
qkd_frodo1344shake,16,2.414,2.511,2.548
qkd_frodo1344shake,17,2.542,2.703,2.620
qkd_frodo1344shake,18,2.494,2.651,2.575
qkd_frodo1344shake,19,2.526,2.694,2.557
qkd_frodo1344shake,20,2.502,2.649,2.589
kyber512,1,0.055,0.011,0.009
kyber512,2,0.012,0.009,0.008
kyber512,3,0.010,0.009,0.008
kyber512,4,0.010,0.009,0.008
kyber512,5,0.010,0.009,0.008
kyber512,6,0.010,0.009,0.008
kyber512,7,0.010,0.009,0.008
kyber512,8,0.010,0.009,0.008
kyber512,9,0.010,0.009,0.008
kyber512,10,0.010,0.009,0.008
kyber512,11,0.010,0.009,0.008
kyber512,12,0.010,0.009,0.008
kyber512,13,0.010,0.009,0.008
kyber512,14,0.012,0.009,0.008
kyber512,15,0.010,0.009,0.008
kyber512,16,0.010,0.009,0.008
kyber512,17,0.010,0.009,0.008
kyber512,18,0.010,0.009,0.008
kyber512,19,0.010,0.009,0.008
kyber512,20,0.010,0.009,0.008
p256_kyber512,1,1.260,0.152,4.162
p256_kyber512,2,1.146,0.130,3.862
p256_kyber512,3,1.127,0.118,3.861
p256_kyber512,4,1.202,0.126,3.925
p256_kyber512,5,1.157,0.119,3.860
p256_kyber512,6,1.113,0.119,3.859
p256_kyber512,7,1.105,0.118,3.900
p256_kyber512,8,1.174,0.123,3.865
p256_kyber512,9,1.124,0.120,3.862
p256_kyber512,10,1.131,0.119,3.938
p256_kyber512,11,1.172,0.121,3.895
p256_kyber512,12,1.136,0.118,3.861
p256_kyber512,13,1.153,0.120,3.946
p256_kyber512,14,1.178,0.127,3.921
p256_kyber512,15,1.206,0.126,4.138
p256_kyber512,16,1.125,0.117,3.867
p256_kyber512,17,1.120,0.118,3.868
p256_kyber512,18,1.132,0.119,3.860
p256_kyber512,19,1.141,0.118,3.873
p256_kyber512,20,1.142,0.118,3.897
x25519_kyber512,1,0.080,0.087,0.081
x25519_kyber512,2,0.044,0.067,0.066
x25519_kyber512,3,0.043,0.067,0.070
x25519_kyber512,4,0.043,0.072,0.072
x25519_kyber512,5,0.043,0.067,0.066
x25519_kyber512,6,0.045,0.071,0.066
x25519_kyber512,7,0.043,0.067,0.066
x25519_kyber512,8,0.043,0.067,0.066
x25519_kyber512,9,0.042,0.067,0.069
x25519_kyber512,10,0.045,0.072,0.071
x25519_kyber512,11,0.043,0.067,0.066
x25519_kyber512,12,0.042,0.067,0.066
x25519_kyber512,13,0.042,0.067,0.066
x25519_kyber512,14,0.042,0.067,0.066
x25519_kyber512,15,0.045,0.067,0.066
x25519_kyber512,16,0.043,0.067,0.066
x25519_kyber512,17,0.043,0.067,0.066
x25519_kyber512,18,0.042,0.067,0.066
x25519_kyber512,19,0.042,0.067,0.066
x25519_kyber512,20,0.042,0.069,0.065
qkd_kyber512,1,0.055,0.042,0.008
qkd_kyber512,2,0.044,0.041,0.007
qkd_kyber512,3,0.043,0.040,0.008
qkd_kyber512,4,0.043,0.041,0.008
qkd_kyber512,5,0.043,0.040,0.007
qkd_kyber512,6,0.043,0.040,0.007
qkd_kyber512,7,0.043,0.040,0.008
qkd_kyber512,8,0.043,0.040,0.007
qkd_kyber512,9,0.043,0.040,0.007
qkd_kyber512,10,0.046,0.040,0.007
qkd_kyber512,11,0.043,0.040,0.007
qkd_kyber512,12,0.043,0.040,0.007
qkd_kyber512,13,0.043,0.040,0.007
qkd_kyber512,14,0.043,0.040,0.007
qkd_kyber512,15,0.043,0.040,0.007
qkd_kyber512,16,0.043,0.040,0.007
qkd_kyber512,17,0.043,0.040,0.007
qkd_kyber512,18,0.043,0.040,0.007
qkd_kyber512,19,0.043,0.040,0.007
qkd_kyber512,20,0.043,0.044,0.007
kyber768,1,0.029,0.014,0.012
kyber768,2,0.013,0.012,0.011
kyber768,3,0.013,0.012,0.011
kyber768,4,0.013,0.012,0.011
kyber768,5,0.013,0.012,0.011
kyber768,6,0.013,0.013,0.011
kyber768,7,0.013,0.012,0.011
kyber768,8,0.013,0.012,0.011
kyber768,9,0.013,0.012,0.011
kyber768,10,0.013,0.012,0.011
kyber768,11,0.013,0.012,0.011
kyber768,12,0.013,0.012,0.011
kyber768,13,0.013,0.012,0.011
kyber768,14,0.013,0.012,0.011
kyber768,15,0.013,0.012,0.011
kyber768,16,0.013,0.012,0.011
kyber768,17,0.013,0.012,0.011
kyber768,18,0.013,0.012,0.011
kyber768,19,0.013,0.012,0.011
kyber768,20,0.013,0.012,0.011
p384_kyber768,1,1.556,1.255,4.661
p384_kyber768,2,1.577,1.251,4.564
p384_kyber768,3,1.551,1.278,4.592
p384_kyber768,4,1.738,1.271,4.598
p384_kyber768,5,1.585,1.258,4.555
p384_kyber768,6,1.579,1.302,4.555
p384_kyber768,7,1.618,1.251,4.550
p384_kyber768,8,1.576,1.240,4.552
p384_kyber768,9,1.542,1.193,4.293
p384_kyber768,10,1.534,1.185,4.328
p384_kyber768,11,1.527,1.194,4.319
p384_kyber768,12,1.555,1.207,4.451
p384_kyber768,13,1.571,1.233,4.398
p384_kyber768,14,1.547,1.245,4.549
p384_kyber768,15,1.578,1.248,4.549
p384_kyber768,16,1.581,1.250,4.430
p384_kyber768,17,1.493,1.200,4.409
p384_kyber768,18,1.538,1.206,4.344
p384_kyber768,19,1.899,1.651,4.426
p384_kyber768,20,1.566,1.208,4.317
x448_kyber768,1,0.217,0.258,0.250
x448_kyber768,2,0.142,0.252,0.251
x448_kyber768,3,0.145,0.255,0.250
x448_kyber768,4,0.140,0.263,0.257
x448_kyber768,5,0.140,0.250,0.248
x448_kyber768,6,0.145,0.251,0.249
x448_kyber768,7,0.141,0.252,0.251
x448_kyber768,8,0.144,0.250,0.249
x448_kyber768,9,0.144,0.254,0.248
x448_kyber768,10,0.139,0.252,0.253
x448_kyber768,11,0.145,0.254,0.250
x448_kyber768,12,0.145,0.265,0.261
x448_kyber768,13,0.146,0.263,0.264
x448_kyber768,14,0.146,0.263,0.261
x448_kyber768,15,0.146,0.282,0.274
x448_kyber768,16,0.150,0.268,0.271
x448_kyber768,17,0.150,0.264,0.260
x448_kyber768,18,0.151,0.264,0.261
x448_kyber768,19,0.147,0.267,0.280
x448_kyber768,20,0.146,0.263,0.263
x25519_kyber768,1,0.054,0.074,0.070
x25519_kyber768,2,0.046,0.071,0.070
x25519_kyber768,3,0.046,0.071,0.069
x25519_kyber768,4,0.046,0.071,0.069
x25519_kyber768,5,0.046,0.071,0.070
x25519_kyber768,6,0.055,0.071,0.070
x25519_kyber768,7,0.047,0.072,0.070
x25519_kyber768,8,0.046,0.072,0.069
x25519_kyber768,9,0.046,0.071,0.069
x25519_kyber768,10,0.046,0.071,0.069
x25519_kyber768,11,0.049,0.072,0.069
x25519_kyber768,12,0.045,0.072,0.069
x25519_kyber768,13,0.046,0.072,0.069
x25519_kyber768,14,0.045,0.071,0.069
x25519_kyber768,15,0.046,0.072,0.070
x25519_kyber768,16,0.048,0.074,0.070
x25519_kyber768,17,0.047,0.072,0.070
x25519_kyber768,18,0.046,0.072,0.070
x25519_kyber768,19,0.046,0.071,0.069
x25519_kyber768,20,0.046,0.071,0.069
p256_kyber768,1,1.135,0.131,3.902
p256_kyber768,2,1.119,0.124,3.927
p256_kyber768,3,1.159,0.130,3.890
p256_kyber768,4,1.140,0.123,3.869
p256_kyber768,5,1.115,0.124,3.876
p256_kyber768,6,1.123,0.124,3.858
p256_kyber768,7,1.120,0.125,3.686
p256_kyber768,8,1.080,0.122,3.759
p256_kyber768,9,1.114,0.127,3.901
p256_kyber768,10,1.143,0.124,3.864
p256_kyber768,11,1.118,0.121,3.857
p256_kyber768,12,1.125,0.123,3.862
p256_kyber768,13,1.126,0.121,3.858
p256_kyber768,14,1.120,0.123,3.864
p256_kyber768,15,1.126,0.117,3.779
p256_kyber768,16,1.120,0.118,3.764
p256_kyber768,17,1.138,0.122,3.863
p256_kyber768,18,1.063,0.117,3.675
p256_kyber768,19,1.109,0.117,3.709
p256_kyber768,20,1.111,0.116,3.768
qkd_kyber768,1,0.105,0.060,0.011
qkd_kyber768,2,0.047,0.044,0.011
qkd_kyber768,3,0.047,0.049,0.011
qkd_kyber768,4,0.049,0.044,0.011
qkd_kyber768,5,0.046,0.044,0.011
qkd_kyber768,6,0.047,0.044,0.011
qkd_kyber768,7,0.047,0.044,0.011
qkd_kyber768,8,0.046,0.044,0.011
qkd_kyber768,9,0.046,0.044,0.011
qkd_kyber768,10,0.046,0.043,0.011
qkd_kyber768,11,0.046,0.044,0.011
qkd_kyber768,12,0.046,0.044,0.014
qkd_kyber768,13,0.048,0.044,0.011
qkd_kyber768,14,0.046,0.044,0.011
qkd_kyber768,15,0.046,0.044,0.011
qkd_kyber768,16,0.046,0.052,0.011
qkd_kyber768,17,0.046,0.044,0.011
qkd_kyber768,18,0.046,0.045,0.011
qkd_kyber768,19,0.046,0.044,0.011
qkd_kyber768,20,0.047,0.045,0.011
kyber1024,1,0.041,0.018,0.013
kyber1024,2,0.016,0.020,0.013
kyber1024,3,0.016,0.017,0.013
kyber1024,4,0.016,0.017,0.013
kyber1024,5,0.016,0.017,0.013
kyber1024,6,0.016,0.017,0.013
kyber1024,7,0.016,0.017,0.013
kyber1024,8,0.016,0.017,0.013
kyber1024,9,0.016,0.017,0.013
kyber1024,10,0.016,0.017,0.013
kyber1024,11,0.016,0.017,0.013
kyber1024,12,0.016,0.017,0.013
kyber1024,13,0.017,0.017,0.013
kyber1024,14,0.016,0.017,0.013
kyber1024,15,0.016,0.017,0.013
kyber1024,16,0.016,0.017,0.013
kyber1024,17,0.016,0.017,0.013
kyber1024,18,0.016,0.017,0.013
kyber1024,19,0.016,0.017,0.013
kyber1024,20,0.017,0.018,0.014
p521_kyber1024,1,1.219,0.581,4.299
p521_kyber1024,2,1.251,0.573,4.231
p521_kyber1024,3,1.232,0.591,4.217
p521_kyber1024,4,1.231,0.598,4.237
p521_kyber1024,5,1.236,0.579,4.226
p521_kyber1024,6,1.233,0.580,4.219
p521_kyber1024,7,1.237,0.584,4.236
p521_kyber1024,8,1.247,0.592,4.220
p521_kyber1024,9,1.233,0.580,4.214
p521_kyber1024,10,1.239,0.588,4.222
p521_kyber1024,11,1.242,0.588,4.223
p521_kyber1024,12,1.245,0.576,4.237
p521_kyber1024,13,1.249,0.587,4.200
p521_kyber1024,14,1.253,0.583,4.229
p521_kyber1024,15,1.242,0.580,4.230
p521_kyber1024,16,1.233,0.580,4.250
p521_kyber1024,17,1.250,0.595,3.983
p521_kyber1024,18,1.246,0.581,4.277
p521_kyber1024,19,1.228,0.587,4.229
p521_kyber1024,20,1.225,0.581,4.241
qkd_kyber1024,1,0.097,0.061,0.014
qkd_kyber1024,2,0.053,0.050,0.013
qkd_kyber1024,3,0.052,0.049,0.013
qkd_kyber1024,4,0.051,0.049,0.013
qkd_kyber1024,5,0.052,0.050,0.014
qkd_kyber1024,6,0.051,0.049,0.013
qkd_kyber1024,7,0.055,0.049,0.013
qkd_kyber1024,8,0.050,0.049,0.013
qkd_kyber1024,9,0.050,0.049,0.013
qkd_kyber1024,10,0.050,0.049,0.013
qkd_kyber1024,11,0.051,0.050,0.013
qkd_kyber1024,12,0.052,0.049,0.013
qkd_kyber1024,13,0.050,0.049,0.013
qkd_kyber1024,14,0.050,0.049,0.013
qkd_kyber1024,15,0.051,0.054,0.013
qkd_kyber1024,16,0.050,0.049,0.013
qkd_kyber1024,17,0.053,0.048,0.013
qkd_kyber1024,18,0.050,0.049,0.013
qkd_kyber1024,19,0.049,0.049,0.013
qkd_kyber1024,20,0.050,0.050,0.013
mlkem512,1,0.020,0.007,0.006
mlkem512,2,0.009,0.006,0.006
mlkem512,3,0.009,0.006,0.006
mlkem512,4,0.008,0.006,0.006
mlkem512,5,0.008,0.006,0.005
mlkem512,6,0.009,0.007,0.006
mlkem512,7,0.008,0.006,0.006
mlkem512,8,0.008,0.006,0.006
mlkem512,9,0.008,0.006,0.006
mlkem512,10,0.008,0.006,0.006
mlkem512,11,0.008,0.006,0.006
mlkem512,12,0.008,0.010,0.007
mlkem512,13,0.009,0.006,0.006
mlkem512,14,0.008,0.006,0.006
mlkem512,15,0.008,0.006,0.006
mlkem512,16,0.008,0.006,0.006
mlkem512,17,0.008,0.006,0.006
mlkem512,18,0.009,0.006,0.006
mlkem512,19,0.008,0.006,0.005
mlkem512,20,0.008,0.006,0.006
p256_mlkem512,1,1.127,0.125,3.887
p256_mlkem512,2,1.136,0.119,3.857
p256_mlkem512,3,1.111,0.118,3.864
p256_mlkem512,4,1.113,0.117,3.855
p256_mlkem512,5,1.128,0.117,3.870
p256_mlkem512,6,1.114,0.120,3.835
p256_mlkem512,7,1.079,0.112,3.639
p256_mlkem512,8,1.074,0.111,3.679
p256_mlkem512,9,1.057,0.111,3.677
p256_mlkem512,10,1.073,0.112,3.676
p256_mlkem512,11,1.055,0.111,3.683
p256_mlkem512,12,1.064,0.113,3.685
p256_mlkem512,13,1.059,0.112,3.710
p256_mlkem512,14,1.116,0.114,3.694
p256_mlkem512,15,1.077,0.111,3.663
p256_mlkem512,16,1.059,0.114,3.701
p256_mlkem512,17,1.061,0.112,3.677
p256_mlkem512,18,1.067,0.111,3.673
p256_mlkem512,19,1.073,0.111,3.680
p256_mlkem512,20,1.069,0.111,3.700
x25519_mlkem512,1,0.076,0.073,0.066
x25519_mlkem512,2,0.043,0.065,0.065
x25519_mlkem512,3,0.040,0.066,0.064
x25519_mlkem512,4,0.042,0.065,0.067
x25519_mlkem512,5,0.042,0.065,0.064
x25519_mlkem512,6,0.042,0.065,0.064
x25519_mlkem512,7,0.041,0.065,0.064
x25519_mlkem512,8,0.041,0.065,0.064
x25519_mlkem512,9,0.041,0.065,0.064
x25519_mlkem512,10,0.041,0.068,0.064
x25519_mlkem512,11,0.042,0.065,0.064
x25519_mlkem512,12,0.042,0.065,0.064
x25519_mlkem512,13,0.042,0.065,0.064
x25519_mlkem512,14,0.041,0.065,0.064
x25519_mlkem512,15,0.041,0.065,0.064
x25519_mlkem512,16,0.045,0.065,0.064
x25519_mlkem512,17,0.042,0.065,0.064
x25519_mlkem512,18,0.042,0.065,0.064
x25519_mlkem512,19,0.042,0.066,0.064
x25519_mlkem512,20,0.041,0.065,0.064
qkd_mlkem512,1,0.051,0.039,0.006
qkd_mlkem512,2,0.042,0.039,0.006
qkd_mlkem512,3,0.043,0.038,0.006
qkd_mlkem512,4,0.042,0.038,0.006
qkd_mlkem512,5,0.042,0.038,0.006
qkd_mlkem512,6,0.042,0.038,0.006
qkd_mlkem512,7,0.042,0.038,0.006
qkd_mlkem512,8,0.042,0.038,0.006
qkd_mlkem512,9,0.042,0.038,0.006
qkd_mlkem512,10,0.042,0.038,0.006
qkd_mlkem512,11,0.042,0.038,0.006
qkd_mlkem512,12,0.042,0.044,0.006
qkd_mlkem512,13,0.046,0.038,0.006
qkd_mlkem512,14,0.042,0.038,0.006
qkd_mlkem512,15,0.042,0.038,0.006
qkd_mlkem512,16,0.042,0.042,0.006
qkd_mlkem512,17,0.042,0.038,0.006
qkd_mlkem512,18,0.042,0.038,0.006
qkd_mlkem512,19,0.043,0.038,0.006
qkd_mlkem512,20,0.042,0.038,0.006
mlkem768,1,0.024,0.011,0.010
mlkem768,2,0.013,0.009,0.009
mlkem768,3,0.012,0.009,0.009
mlkem768,4,0.012,0.009,0.009
mlkem768,5,0.012,0.009,0.009
mlkem768,6,0.012,0.009,0.009
mlkem768,7,0.012,0.009,0.009
mlkem768,8,0.015,0.010,0.009
mlkem768,9,0.012,0.009,0.009
mlkem768,10,0.012,0.009,0.009
mlkem768,11,0.012,0.009,0.009
mlkem768,12,0.012,0.010,0.009
mlkem768,13,0.012,0.009,0.009
mlkem768,14,0.012,0.009,0.009
mlkem768,15,0.012,0.009,0.009
mlkem768,16,0.012,0.009,0.009
mlkem768,17,0.012,0.009,0.009
mlkem768,18,0.012,0.009,0.009
mlkem768,19,0.012,0.009,0.009
mlkem768,20,0.012,0.010,0.009
p384_mlkem768,1,1.590,1.275,4.576
p384_mlkem768,2,1.595,1.259,4.587
p384_mlkem768,3,1.566,1.247,4.537
p384_mlkem768,4,1.562,1.268,4.599
p384_mlkem768,5,1.575,1.292,4.566
p384_mlkem768,6,1.581,1.251,4.562
p384_mlkem768,7,1.556,1.260,4.544
p384_mlkem768,8,1.577,1.254,4.550
p384_mlkem768,9,1.598,1.256,4.573
p384_mlkem768,10,1.562,1.270,4.550
p384_mlkem768,11,1.612,1.266,4.577
p384_mlkem768,12,1.552,1.272,4.320
p384_mlkem768,13,1.527,1.211,4.320
p384_mlkem768,14,1.518,1.212,4.350
p384_mlkem768,15,1.572,1.215,4.368
p384_mlkem768,16,1.517,1.219,4.363
p384_mlkem768,17,1.487,1.266,4.481
p384_mlkem768,18,1.493,1.207,4.368
p384_mlkem768,19,1.505,1.238,4.400
p384_mlkem768,20,1.477,1.191,4.388
x448_mlkem768,1,0.218,0.253,0.264
x448_mlkem768,2,0.146,0.248,0.242
x448_mlkem768,3,0.145,0.255,0.243
x448_mlkem768,4,0.145,0.253,0.246
x448_mlkem768,5,0.145,0.251,0.242
x448_mlkem768,6,0.145,0.262,0.258
x448_mlkem768,7,0.146,0.259,0.263
x448_mlkem768,8,0.146,0.259,0.260
x448_mlkem768,9,0.146,0.264,0.260
x448_mlkem768,10,0.146,0.260,0.262
x448_mlkem768,11,0.146,0.261,0.258
x448_mlkem768,12,0.145,0.264,0.258
x448_mlkem768,13,0.146,0.259,0.263
x448_mlkem768,14,0.146,0.261,0.259
x448_mlkem768,15,0.145,0.265,0.258
x448_mlkem768,16,0.146,0.259,0.261
x448_mlkem768,17,0.146,0.260,0.259
x448_mlkem768,18,0.146,0.264,0.258
x448_mlkem768,19,0.146,0.260,0.265
x448_mlkem768,20,0.157,0.264,0.259
X25519MLKEM768,1,0.051,0.071,0.072
X25519MLKEM768,2,0.046,0.068,0.067
X25519MLKEM768,3,0.045,0.068,0.067
X25519MLKEM768,4,0.045,0.068,0.067
X25519MLKEM768,5,0.045,0.068,0.067
X25519MLKEM768,6,0.045,0.068,0.067
X25519MLKEM768,7,0.049,0.068,0.067
X25519MLKEM768,8,0.045,0.068,0.067
X25519MLKEM768,9,0.045,0.068,0.067
X25519MLKEM768,10,0.045,0.068,0.067
X25519MLKEM768,11,0.045,0.068,0.067
X25519MLKEM768,12,0.045,0.072,0.067
X25519MLKEM768,13,0.045,0.068,0.067
X25519MLKEM768,14,0.045,0.069,0.067
X25519MLKEM768,15,0.045,0.068,0.067
X25519MLKEM768,16,0.045,0.068,0.067
X25519MLKEM768,17,0.045,0.068,0.071
X25519MLKEM768,18,0.046,0.068,0.067
X25519MLKEM768,19,0.045,0.069,0.067
X25519MLKEM768,20,0.045,0.068,0.067
SecP256r1MLKEM768,1,1.114,0.134,3.905
SecP256r1MLKEM768,2,1.128,0.127,3.876
SecP256r1MLKEM768,3,1.139,0.120,3.894
SecP256r1MLKEM768,4,1.112,0.122,3.880
SecP256r1MLKEM768,5,1.144,0.119,3.866
SecP256r1MLKEM768,6,1.116,0.119,3.859
SecP256r1MLKEM768,7,1.108,0.120,3.876
SecP256r1MLKEM768,8,1.138,0.121,3.874
SecP256r1MLKEM768,9,1.144,0.123,3.870
SecP256r1MLKEM768,10,1.137,0.121,3.868
SecP256r1MLKEM768,11,1.116,0.121,3.866
SecP256r1MLKEM768,12,1.119,0.119,3.868
SecP256r1MLKEM768,13,1.139,0.120,3.895
SecP256r1MLKEM768,14,1.136,0.120,3.865
SecP256r1MLKEM768,15,1.132,0.121,3.864
SecP256r1MLKEM768,16,1.110,0.120,3.894
SecP256r1MLKEM768,17,1.149,0.121,3.866
SecP256r1MLKEM768,18,1.134,0.119,3.809
SecP256r1MLKEM768,19,1.091,0.113,3.780
SecP256r1MLKEM768,20,1.151,0.115,3.851
qkd_mlkem768,1,0.085,0.054,0.011
qkd_mlkem768,2,0.047,0.042,0.009
qkd_mlkem768,3,0.048,0.042,0.009
qkd_mlkem768,4,0.046,0.041,0.009
qkd_mlkem768,5,0.046,0.041,0.009
qkd_mlkem768,6,0.046,0.041,0.009
qkd_mlkem768,7,0.046,0.044,0.009
qkd_mlkem768,8,0.046,0.041,0.009
qkd_mlkem768,9,0.046,0.041,0.009
qkd_mlkem768,10,0.046,0.041,0.009
qkd_mlkem768,11,0.046,0.041,0.009
qkd_mlkem768,12,0.046,0.041,0.009
qkd_mlkem768,13,0.046,0.041,0.009
qkd_mlkem768,14,0.046,0.041,0.009
qkd_mlkem768,15,0.046,0.050,0.009
qkd_mlkem768,16,0.046,0.041,0.009
qkd_mlkem768,17,0.050,0.041,0.009
qkd_mlkem768,18,0.048,0.041,0.009
qkd_mlkem768,19,0.046,0.041,0.009
qkd_mlkem768,20,0.046,0.041,0.009
mlkem1024,1,0.027,0.015,0.013
mlkem1024,2,0.016,0.013,0.013
mlkem1024,3,0.016,0.013,0.012
mlkem1024,4,0.016,0.013,0.012
mlkem1024,5,0.015,0.013,0.012
mlkem1024,6,0.016,0.013,0.012
mlkem1024,7,0.015,0.013,0.012
mlkem1024,8,0.015,0.013,0.012
mlkem1024,9,0.015,0.013,0.013
mlkem1024,10,0.015,0.013,0.012
mlkem1024,11,0.015,0.013,0.012
mlkem1024,12,0.015,0.013,0.012
mlkem1024,13,0.015,0.018,0.013
mlkem1024,14,0.016,0.013,0.012
mlkem1024,15,0.015,0.013,0.012
mlkem1024,16,0.015,0.013,0.012
mlkem1024,17,0.015,0.013,0.012
mlkem1024,18,0.016,0.013,0.012
mlkem1024,19,0.015,0.013,0.012
mlkem1024,20,0.015,0.013,0.012
p521_mlkem1024,1,1.214,0.583,4.266
p521_mlkem1024,2,1.345,0.597,4.247
p521_mlkem1024,3,1.226,0.588,4.236
p521_mlkem1024,4,1.222,0.587,4.273
p521_mlkem1024,5,1.275,0.571,4.247
p521_mlkem1024,6,1.227,0.569,4.228
p521_mlkem1024,7,1.228,0.581,4.003
p521_mlkem1024,8,1.163,0.534,3.947
p521_mlkem1024,9,1.182,0.556,4.079
p521_mlkem1024,10,1.176,0.546,4.045
p521_mlkem1024,11,1.210,0.553,3.949
p521_mlkem1024,12,1.185,0.546,4.109
p521_mlkem1024,13,1.174,0.546,3.975
p521_mlkem1024,14,1.174,0.567,4.112
p521_mlkem1024,15,1.160,0.528,3.940
p521_mlkem1024,16,1.161,0.570,4.020
p521_mlkem1024,17,1.181,0.544,4.003
p521_mlkem1024,18,1.242,0.586,4.186
p521_mlkem1024,19,1.185,0.551,3.971
p521_mlkem1024,20,1.221,0.576,3.961
p384_mlkem1024,1,1.508,1.213,4.385
p384_mlkem1024,2,1.506,1.210,4.410
p384_mlkem1024,3,1.490,1.204,4.338
p384_mlkem1024,4,1.478,1.208,4.420
p384_mlkem1024,5,1.565,1.209,4.320
p384_mlkem1024,6,1.529,1.216,4.366
p384_mlkem1024,7,1.507,1.218,4.340
p384_mlkem1024,8,1.521,1.216,4.347
p384_mlkem1024,9,1.606,1.212,4.341
p384_mlkem1024,10,1.482,1.215,4.360
p384_mlkem1024,11,1.478,1.245,4.386
p384_mlkem1024,12,1.494,1.212,4.860
p384_mlkem1024,13,1.478,1.219,4.391
p384_mlkem1024,14,1.505,1.213,4.335
p384_mlkem1024,15,1.480,1.226,4.370
p384_mlkem1024,16,1.483,1.253,4.329
p384_mlkem1024,17,1.467,1.254,4.398
p384_mlkem1024,18,1.490,1.239,4.346
p384_mlkem1024,19,1.527,1.214,4.324
p384_mlkem1024,20,1.492,1.210,4.357
qkd_mlkem1024,1,0.109,0.059,0.016
qkd_mlkem1024,2,0.065,0.046,0.013
qkd_mlkem1024,3,0.050,0.045,0.013
qkd_mlkem1024,4,0.054,0.043,0.013
qkd_mlkem1024,5,0.049,0.044,0.012
qkd_mlkem1024,6,0.049,0.043,0.013
qkd_mlkem1024,7,0.050,0.044,0.013
qkd_mlkem1024,8,0.050,0.045,0.013
qkd_mlkem1024,9,0.049,0.045,0.013
qkd_mlkem1024,10,0.049,0.045,0.013
qkd_mlkem1024,11,0.049,0.045,0.013
qkd_mlkem1024,12,0.049,0.045,0.020
qkd_mlkem1024,13,0.050,0.045,0.013
qkd_mlkem1024,14,0.049,0.045,0.013
qkd_mlkem1024,15,0.049,0.051,0.013
qkd_mlkem1024,16,0.049,0.045,0.012
qkd_mlkem1024,17,0.049,0.045,0.013
qkd_mlkem1024,18,0.049,0.046,0.012
qkd_mlkem1024,19,0.049,0.045,0.012
qkd_mlkem1024,20,0.049,0.045,0.012
bikel1,1,0.143,0.031,0.424
bikel1,2,0.133,0.030,0.434
bikel1,3,0.132,0.030,0.472
bikel1,4,0.132,0.030,0.471
bikel1,5,0.132,0.030,0.471
bikel1,6,0.132,0.030,0.470
bikel1,7,0.131,0.030,0.466
bikel1,8,0.133,0.030,0.472
bikel1,9,0.133,0.030,0.460
bikel1,10,0.132,0.030,0.475
bikel1,11,0.130,0.030,0.460
bikel1,12,0.136,0.030,0.461
bikel1,13,0.131,0.030,0.436
bikel1,14,0.132,0.030,0.472
bikel1,15,0.126,0.030,0.465
bikel1,16,0.130,0.030,0.463
bikel1,17,0.132,0.030,0.491
bikel1,18,0.128,0.030,0.471
bikel1,19,0.134,0.030,0.436
bikel1,20,0.134,0.030,0.472
p256_bikel1,1,1.285,0.153,4.373
p256_bikel1,2,1.229,0.151,4.364
p256_bikel1,3,1.215,0.168,4.384
p256_bikel1,4,1.222,0.152,4.349
p256_bikel1,5,1.220,0.146,4.348
p256_bikel1,6,1.220,0.168,4.393
p256_bikel1,7,1.250,0.153,4.366
p256_bikel1,8,1.246,0.168,4.385
p256_bikel1,9,1.214,0.160,4.367
p256_bikel1,10,1.214,0.148,4.357
p256_bikel1,11,1.225,0.167,4.337
p256_bikel1,12,1.163,0.175,4.190
p256_bikel1,13,1.199,0.147,4.106
p256_bikel1,14,1.170,0.154,4.125
p256_bikel1,15,1.261,0.153,4.332
p256_bikel1,16,1.191,0.142,4.148
p256_bikel1,17,1.175,0.145,4.119
p256_bikel1,18,1.171,0.148,4.191
p256_bikel1,19,1.193,0.145,4.123
p256_bikel1,20,1.168,0.141,4.119
x25519_bikel1,1,0.204,0.098,0.646
x25519_bikel1,2,0.183,0.091,0.522
x25519_bikel1,3,0.166,0.089,0.521
x25519_bikel1,4,0.166,0.090,0.530
x25519_bikel1,5,0.171,0.089,0.513
x25519_bikel1,6,0.163,0.092,0.507
x25519_bikel1,7,0.166,0.090,0.534
x25519_bikel1,8,0.163,0.090,0.493
x25519_bikel1,9,0.164,0.089,0.530
x25519_bikel1,10,0.170,0.093,0.514
x25519_bikel1,11,0.169,0.089,0.522
x25519_bikel1,12,0.168,0.089,0.538
x25519_bikel1,13,0.161,0.090,0.532
x25519_bikel1,14,0.169,0.089,0.531
x25519_bikel1,15,0.171,0.095,0.530
x25519_bikel1,16,0.166,0.089,0.517
x25519_bikel1,17,0.161,0.089,0.548
x25519_bikel1,18,0.165,0.089,0.531
x25519_bikel1,19,0.171,0.089,0.529
x25519_bikel1,20,0.172,0.096,0.491
qkd_bikel1,1,0.179,0.064,0.476
qkd_bikel1,2,0.163,0.062,0.475
qkd_bikel1,3,0.167,0.061,0.471
qkd_bikel1,4,0.166,0.066,0.475
qkd_bikel1,5,0.182,0.067,0.476
qkd_bikel1,6,0.172,0.062,0.472
qkd_bikel1,7,0.170,0.062,0.471
qkd_bikel1,8,0.166,0.062,0.453
qkd_bikel1,9,0.160,0.062,0.473
qkd_bikel1,10,0.166,0.062,0.464
qkd_bikel1,11,0.166,0.062,0.476
qkd_bikel1,12,0.161,0.062,0.463
qkd_bikel1,13,0.166,0.062,0.472
qkd_bikel1,14,0.169,0.068,0.463
qkd_bikel1,15,0.160,0.062,0.474
qkd_bikel1,16,0.164,0.062,0.466
qkd_bikel1,17,0.165,0.066,0.464
qkd_bikel1,18,0.165,0.062,0.468
qkd_bikel1,19,0.166,0.062,0.471
qkd_bikel1,20,0.166,0.063,0.458
bikel3,1,0.374,0.069,1.364
bikel3,2,0.356,0.079,1.358
bikel3,3,0.358,0.068,1.398
bikel3,4,0.359,0.068,1.365
bikel3,5,0.373,0.071,1.365
bikel3,6,0.357,0.070,1.361
bikel3,7,0.360,0.068,1.359
bikel3,8,0.354,0.068,1.364
bikel3,9,0.354,0.068,1.359
bikel3,10,0.372,0.070,1.361
bikel3,11,0.355,0.071,1.357
bikel3,12,0.357,0.068,1.369
bikel3,13,0.367,0.068,1.364
bikel3,14,0.355,0.071,1.356
bikel3,15,0.354,0.068,1.360
bikel3,16,0.360,0.068,1.359
bikel3,17,0.375,0.076,1.355
bikel3,18,0.354,0.070,1.365
bikel3,19,0.357,0.069,1.376
bikel3,20,0.355,0.070,1.369
p384_bikel3,1,2.031,1.348,6.006
p384_bikel3,2,1.939,1.317,5.950
p384_bikel3,3,1.926,1.309,5.966
p384_bikel3,4,1.833,1.260,5.792
p384_bikel3,5,1.940,1.307,5.969
p384_bikel3,6,1.907,1.312,5.961
p384_bikel3,7,1.809,1.267,5.936
p384_bikel3,8,1.916,1.313,6.032
p384_bikel3,9,1.918,1.311,5.789
p384_bikel3,10,1.794,1.250,5.649
p384_bikel3,11,1.823,1.257,5.580
p384_bikel3,12,1.788,1.255,5.660
p384_bikel3,13,1.819,1.246,5.591
p384_bikel3,14,1.782,1.286,5.618
p384_bikel3,15,1.803,1.261,5.599
p384_bikel3,16,1.791,1.298,5.760
p384_bikel3,17,1.858,1.279,5.741
p384_bikel3,18,1.952,1.271,5.669
p384_bikel3,19,1.812,1.260,5.796
p384_bikel3,20,1.843,1.270,5.625
x448_bikel3,1,0.559,0.328,1.578
x448_bikel3,2,0.526,0.326,1.621
x448_bikel3,3,0.527,0.319,1.626
x448_bikel3,4,0.540,0.328,1.645
x448_bikel3,5,0.488,0.305,1.593
x448_bikel3,6,0.509,0.322,1.636
x448_bikel3,7,0.494,0.321,1.638
x448_bikel3,8,0.497,0.320,1.637
x448_bikel3,9,0.514,0.332,1.611
x448_bikel3,10,0.528,0.326,1.583
x448_bikel3,11,0.506,0.321,1.553
x448_bikel3,12,0.494,0.326,1.638
x448_bikel3,13,0.508,0.336,1.646
x448_bikel3,14,0.493,0.321,1.636
x448_bikel3,15,0.518,0.324,1.588
x448_bikel3,16,0.480,0.306,1.579
x448_bikel3,17,0.488,0.319,1.659
x448_bikel3,18,0.516,0.320,1.642
x448_bikel3,19,0.488,0.319,1.641
x448_bikel3,20,0.503,0.319,1.637
qkd_bikel3,1,0.408,0.103,1.363
qkd_bikel3,2,0.415,0.101,1.361
qkd_bikel3,3,0.399,0.103,1.361
qkd_bikel3,4,0.398,0.100,1.361
qkd_bikel3,5,0.393,0.107,1.313
qkd_bikel3,6,0.372,0.098,1.312
qkd_bikel3,7,0.372,0.097,1.332
qkd_bikel3,8,0.392,0.103,1.366
qkd_bikel3,9,0.397,0.100,1.365
qkd_bikel3,10,0.401,0.100,1.337
qkd_bikel3,11,0.393,0.101,1.311
qkd_bikel3,12,0.373,0.096,1.327
qkd_bikel3,13,0.371,0.097,1.352
qkd_bikel3,14,0.394,0.103,1.383
qkd_bikel3,15,0.396,0.103,1.363
qkd_bikel3,16,0.409,0.126,1.362
qkd_bikel3,17,0.397,0.101,1.367
qkd_bikel3,18,0.395,0.105,1.370
qkd_bikel3,19,0.395,0.101,1.371
qkd_bikel3,20,0.390,0.103,1.386
bikel5,1,0.985,0.142,3.706
bikel5,2,0.845,0.146,3.765
bikel5,3,0.961,0.153,3.946
bikel5,4,0.954,0.152,3.941
bikel5,5,0.965,0.154,4.013
bikel5,6,1.012,0.166,3.936
bikel5,7,0.951,0.152,3.936
bikel5,8,0.950,0.150,3.795
bikel5,9,0.950,0.150,3.842
bikel5,10,0.885,0.141,3.646
bikel5,11,0.888,0.139,3.669
bikel5,12,0.876,0.132,3.484
bikel5,13,0.831,0.131,3.428
bikel5,14,0.834,0.132,3.413
bikel5,15,0.824,0.132,3.498
bikel5,16,0.894,0.131,3.489
bikel5,17,0.830,0.131,3.437
bikel5,18,0.854,0.138,3.477
bikel5,19,0.831,0.131,3.650
bikel5,20,0.884,0.140,3.655
p521_bikel5,1,2.257,0.719,7.928
p521_bikel5,2,2.099,0.709,7.922
p521_bikel5,3,2.140,0.707,7.768
p521_bikel5,4,2.009,0.658,7.427
p521_bikel5,5,2.131,0.685,7.455
p521_bikel5,6,1.981,0.665,7.408
p521_bikel5,7,1.948,0.662,7.388
p521_bikel5,8,1.989,0.664,7.516
p521_bikel5,9,1.994,0.651,7.450
p521_bikel5,10,1.980,0.658,7.417
p521_bikel5,11,1.967,0.671,7.466
p521_bikel5,12,2.027,0.666,7.380
p521_bikel5,13,1.996,0.677,7.390
p521_bikel5,14,1.965,0.661,7.407
p521_bikel5,15,2.018,0.656,7.392
p521_bikel5,16,1.976,0.661,7.446
p521_bikel5,17,1.995,0.661,7.371
p521_bikel5,18,1.980,0.668,7.485
p521_bikel5,19,2.001,0.659,7.414
p521_bikel5,20,1.979,0.669,7.364
qkd_bikel5,1,0.891,0.165,3.421
qkd_bikel5,2,0.862,0.161,3.486
qkd_bikel5,3,0.911,0.179,3.419
qkd_bikel5,4,0.879,0.161,3.422
qkd_bikel5,5,0.882,0.163,3.457
qkd_bikel5,6,0.887,0.161,3.429
qkd_bikel5,7,0.870,0.164,3.420
qkd_bikel5,8,0.861,0.160,3.416
qkd_bikel5,9,0.893,0.161,3.469
qkd_bikel5,10,0.898,0.162,3.432
qkd_bikel5,11,0.899,0.163,3.422
qkd_bikel5,12,0.896,0.161,3.532
qkd_bikel5,13,0.893,0.164,3.493
qkd_bikel5,14,0.894,0.162,3.436
qkd_bikel5,15,0.876,0.164,3.415
qkd_bikel5,16,0.920,0.161,3.477
qkd_bikel5,17,0.874,0.172,3.432
qkd_bikel5,18,0.889,0.161,3.459
qkd_bikel5,19,0.910,0.174,3.554
qkd_bikel5,20,0.900,0.163,3.517
hqc128,1,1.043,2.056,3.059
hqc128,2,1.011,1.980,2.944
hqc128,3,0.983,1.958,2.943
hqc128,4,0.976,1.934,2.948
hqc128,5,0.974,1.944,2.944
hqc128,6,0.968,1.959,2.982
hqc128,7,0.977,1.941,2.945
hqc128,8,0.990,1.946,2.941
hqc128,9,0.995,1.939,2.934
hqc128,10,0.984,1.946,2.941
hqc128,11,0.970,1.960,2.998
hqc128,12,1.033,1.963,2.976
hqc128,13,0.990,1.936,2.940
hqc128,14,0.969,1.954,2.997
hqc128,15,1.004,1.956,3.017
hqc128,16,0.968,1.944,2.941
hqc128,17,0.967,1.955,3.074
hqc128,18,1.013,1.980,2.951
hqc128,19,0.965,1.934,2.941
hqc128,20,0.976,1.972,2.956
p256_hqc128,1,2.160,2.087,6.605
p256_hqc128,2,2.039,2.075,6.612
p256_hqc128,3,2.020,2.044,6.599
p256_hqc128,4,2.020,2.039,6.546
p256_hqc128,5,1.999,2.098,6.596
p256_hqc128,6,2.019,2.044,6.583
p256_hqc128,7,2.103,2.057,6.562
p256_hqc128,8,2.032,2.038,6.579
p256_hqc128,9,1.995,2.041,6.624
p256_hqc128,10,2.152,2.110,7.677
p256_hqc128,11,2.111,2.098,6.679
p256_hqc128,12,2.134,2.173,7.043
p256_hqc128,13,2.178,2.194,6.904
p256_hqc128,14,2.026,2.076,6.714
p256_hqc128,15,2.070,2.051,6.590
p256_hqc128,16,2.103,2.104,6.625
p256_hqc128,17,2.049,2.072,6.790
p256_hqc128,18,2.050,2.044,6.532
p256_hqc128,19,2.009,2.063,6.609
p256_hqc128,20,2.087,2.041,6.567
x25519_hqc128,1,1.052,2.000,3.000
x25519_hqc128,2,1.012,2.002,3.028
x25519_hqc128,3,1.014,2.002,3.010
x25519_hqc128,4,1.009,2.005,2.997
x25519_hqc128,5,1.021,2.055,3.074
x25519_hqc128,6,1.046,2.026,3.026
x25519_hqc128,7,1.042,2.006,3.019
x25519_hqc128,8,1.015,1.991,3.006
x25519_hqc128,9,1.020,2.019,2.996
x25519_hqc128,10,1.018,2.047,3.111
x25519_hqc128,11,1.071,2.140,3.207
x25519_hqc128,12,1.036,2.010,3.165
x25519_hqc128,13,1.018,1.985,3.211
x25519_hqc128,14,1.070,2.130,3.221
x25519_hqc128,15,1.069,2.136,3.213
x25519_hqc128,16,1.071,2.140,3.226
x25519_hqc128,17,1.078,2.139,3.208
x25519_hqc128,18,1.080,2.146,3.183
x25519_hqc128,19,1.012,1.990,3.005
x25519_hqc128,20,1.013,2.091,3.032
qkd_hqc128,1,1.021,1.964,3.044
qkd_hqc128,2,1.024,1.981,2.961
qkd_hqc128,3,1.017,1.984,2.970
qkd_hqc128,4,1.012,1.989,2.945
qkd_hqc128,5,1.019,2.063,3.008
qkd_hqc128,6,1.018,1.964,2.947
qkd_hqc128,7,1.029,1.975,3.009
qkd_hqc128,8,1.017,2.092,3.090
qkd_hqc128,9,1.040,1.963,2.935
qkd_hqc128,10,1.009,1.961,2.988
qkd_hqc128,11,1.032,1.964,2.942
qkd_hqc128,12,1.008,1.969,3.006
qkd_hqc128,13,1.047,1.978,2.968
qkd_hqc128,14,1.029,1.969,3.022
qkd_hqc128,15,1.011,1.992,3.049
qkd_hqc128,16,1.011,2.029,2.954
qkd_hqc128,17,1.013,1.986,2.944
qkd_hqc128,18,1.014,1.974,2.962
qkd_hqc128,19,1.945,2.954,3.254
qkd_hqc128,20,1.034,1.968,2.956
hqc192,1,2.957,5.998,8.912
hqc192,2,2.948,5.901,8.932
hqc192,3,2.994,5.893,8.926
hqc192,4,2.958,5.882,9.002
hqc192,5,2.951,5.953,8.937
hqc192,6,2.993,5.992,8.931
hqc192,7,2.949,6.003,8.910
hqc192,8,2.999,6.002,8.925
hqc192,9,2.979,5.908,9.314
hqc192,10,2.982,5.897,8.931
hqc192,11,2.990,5.935,9.008
hqc192,12,2.953,5.875,8.951
hqc192,13,3.032,6.058,8.955
hqc192,14,2.951,5.906,8.954
hqc192,15,2.976,5.947,9.006
hqc192,16,2.946,5.883,9.028
hqc192,17,2.960,5.921,8.941
hqc192,18,2.945,5.911,9.047
hqc192,19,2.950,5.968,8.966
hqc192,20,3.168,6.312,9.488
p384_hqc192,1,4.687,7.406,13.457
p384_hqc192,2,4.436,7.093,13.362
p384_hqc192,3,4.488,7.384,13.264
p384_hqc192,4,4.585,7.135,13.260
p384_hqc192,5,4.458,7.197,13.288
p384_hqc192,6,4.434,7.128,13.257
p384_hqc192,7,4.446,7.104,13.204
p384_hqc192,8,4.394,7.092,13.190
p384_hqc192,9,4.555,7.053,13.287
p384_hqc192,10,4.449,7.253,13.229
p384_hqc192,11,4.489,7.092,13.394
p384_hqc192,12,4.411,7.085,13.324
p384_hqc192,13,4.453,7.088,13.596
p384_hqc192,14,4.654,7.562,14.025
p384_hqc192,15,4.509,7.171,13.222
p384_hqc192,16,4.449,7.117,13.239
p384_hqc192,17,4.459,7.065,13.305
p384_hqc192,18,4.412,7.110,13.193
p384_hqc192,19,4.465,7.098,13.187
p384_hqc192,20,4.448,7.200,13.210
x448_hqc192,1,3.155,6.169,9.268
x448_hqc192,2,3.161,6.159,9.170
x448_hqc192,3,3.109,6.290,9.238
x448_hqc192,4,3.251,6.156,9.338
x448_hqc192,5,3.256,6.297,9.216
x448_hqc192,6,3.097,6.141,9.267
x448_hqc192,7,3.080,6.182,9.236
x448_hqc192,8,3.078,6.283,9.154
x448_hqc192,9,3.074,6.380,9.465
x448_hqc192,10,3.221,6.542,10.450
x448_hqc192,11,3.527,7.037,9.787
x448_hqc192,12,3.293,6.542,9.743
x448_hqc192,13,3.163,6.167,9.176
x448_hqc192,14,3.206,6.156,9.128
x448_hqc192,15,3.073,6.209,9.154
x448_hqc192,16,3.152,6.116,9.109
x448_hqc192,17,3.105,6.136,9.128
x448_hqc192,18,3.090,6.151,9.276
x448_hqc192,19,3.106,6.118,9.185
x448_hqc192,20,3.079,6.128,9.160
qkd_hqc192,1,2.999,5.976,8.927
qkd_hqc192,2,2.981,5.954,8.920
qkd_hqc192,3,3.042,5.980,8.964
qkd_hqc192,4,3.019,5.952,8.890
qkd_hqc192,5,2.984,5.985,8.897
qkd_hqc192,6,2.983,5.990,8.894
qkd_hqc192,7,2.996,5.955,8.902
qkd_hqc192,8,3.072,5.936,8.882
qkd_hqc192,9,3.053,5.968,8.938
qkd_hqc192,10,2.984,5.946,8.917
qkd_hqc192,11,2.995,5.928,9.219
qkd_hqc192,12,3.220,6.541,9.560
qkd_hqc192,13,3.197,6.340,9.014
qkd_hqc192,14,2.993,5.979,8.966
qkd_hqc192,15,3.008,5.991,8.910
qkd_hqc192,16,2.982,5.954,8.887
qkd_hqc192,17,3.032,5.962,8.912
qkd_hqc192,18,3.027,5.992,8.910
qkd_hqc192,19,3.004,5.967,8.883
qkd_hqc192,20,3.054,6.004,8.898
hqc256,1,5.452,10.971,16.390
hqc256,2,5.459,10.818,16.357
hqc256,3,5.594,11.530,16.982
hqc256,4,5.391,10.772,16.386
hqc256,5,5.561,10.858,16.287
hqc256,6,5.374,10.747,16.345
hqc256,7,5.424,10.752,16.359
hqc256,8,5.464,10.777,16.243
hqc256,9,5.420,10.756,16.262
hqc256,10,5.384,10.898,16.317
hqc256,11,5.370,10.861,16.254
hqc256,12,5.372,11.261,17.223
hqc256,13,5.390,10.781,16.307
hqc256,14,5.413,10.737,16.244
hqc256,15,5.379,10.731,16.235
hqc256,16,5.375,10.767,16.290
hqc256,17,5.369,10.737,16.296
hqc256,18,5.376,10.774,16.300
hqc256,19,5.385,10.794,16.336
hqc256,20,5.380,11.403,17.384
p521_hqc256,1,6.670,11.467,20.445
p521_hqc256,2,6.554,11.348,20.275
p521_hqc256,3,6.623,11.315,20.366
p521_hqc256,4,6.594,11.310,20.354
p521_hqc256,5,6.558,11.438,20.243
p521_hqc256,6,6.582,11.327,20.341
p521_hqc256,7,6.971,12.125,20.898
p521_hqc256,8,6.544,11.361,20.261
p521_hqc256,9,6.576,11.282,20.294
p521_hqc256,10,6.539,11.289,20.288
p521_hqc256,11,6.550,11.358,20.313
p521_hqc256,12,6.548,11.290,20.264
p521_hqc256,13,6.568,11.287,20.390
p521_hqc256,14,6.553,11.295,20.323
p521_hqc256,15,6.565,11.329,20.324
p521_hqc256,16,6.553,11.283,20.294
p521_hqc256,17,6.523,11.417,20.364
p521_hqc256,18,6.505,11.267,20.219
p521_hqc256,19,6.624,11.399,20.544
p521_hqc256,20,6.621,11.313,20.459
qkd_hqc256,1,6.201,10.964,17.304
qkd_hqc256,2,5.812,11.592,16.895
qkd_hqc256,3,5.435,10.852,16.449
qkd_hqc256,4,5.455,10.816,16.426
qkd_hqc256,5,5.461,10.858,16.473
qkd_hqc256,6,5.423,10.911,16.408
qkd_hqc256,7,5.466,10.948,16.302
qkd_hqc256,8,5.487,10.917,16.736
qkd_hqc256,9,5.522,10.990,16.292
qkd_hqc256,10,5.456,10.966,16.659
qkd_hqc256,11,5.504,10.925,16.369
qkd_hqc256,12,5.548,10.938,16.359
qkd_hqc256,13,5.525,10.823,16.430
qkd_hqc256,14,5.564,10.833,16.493
qkd_hqc256,15,5.499,10.837,16.376
qkd_hqc256,16,5.548,11.007,16.459
qkd_hqc256,17,5.562,10.815,16.396
qkd_hqc256,18,5.470,10.810,16.314
qkd_hqc256,19,5.471,10.827,16.316
qkd_hqc256,20,5.458,10.816,16.431
